Model,TOPSIS Score,Rank
GPT-3.5,0.26740498285080844,3.0
T5-Large,0.6287775670693586,2.0
BERT Fine-Tuned,0.7959821035189901,1.0
